statement,agrees,disagrees
"Getting value from AI ideation is a skill
that needs to be learned, practiced,
and refined.",10,1
"AI's homogenizing effect on ideas threatens
science more than its hallucinations.",9,2
"Relying on AI, especially in auditing
workflows, lowers vigilance.",7,2
"Working with AI more so reinforces existing
directions of thought vs. promotes critical
thinking.",5,6
"The benefits of AI-fueled increases in research
productivity outweigh the costs of a potential
narrowing of the topics researchers study.",4,6
